"","pearson","gene","cluster"
"37",0.98,"GPR171",1
"32",0.97,"FGF13-AS1",1
"53",0.97,"MIR924HG",1
"55",0.97,"MSX2P1",1
"60",0.97,"P2RY13",1
"85",0.97,"TRIM10",1
"8",0.96,"BRDTP1",1
"9",0.96,"C1orf94",1
"45",0.96,"KRTDAP",1
"52",0.96,"MIP",1
"57",0.96,"NKAIN3",1
"58",0.96,"NOD2",1
"59",0.96,"OR13C5",1
"79",0.96,"SLFN14",1
"29",0.95,"ERFE",1
"36",0.95,"GP5",1
"42",0.95,"KLK12",1
"88",0.94,"VSTM2A",1
"1",0.92,"ABCD2",1
"19",0.92,"CHST9",1
"50",0.92,"LINC00908",1
"69",0.92,"PLP1",1
"73",0.91,"PRKCQ-AS1",1
"51",0.9,"MICAL2",1
"66",0.9,"PIK3C2G",1
"84",0.9,"TPD52L1",1
"18",0.89,"CHRNB4",1
"49",0.89,"LINC00861",1
"13",0.88,"CD160",1
"35",0.88,"GINS2",1
"48",0.88,"LINC00337",1
"54",0.87,"MPIG6B",1
"75",0.87,"RETN",1
"39",0.86,"HAPLN3",1
"41",0.84,"IL1R2",1
"27",0.81,"ENO3",1
"63",0.81,"PCDHA10",1
"81",0.81,"SNORA14B",1
"72",0.8,"PRELP",1
"77",0.79,"SIRT7",1
"17",0.77,"CFAP92",1
"26",0.77,"DNM3-IT1",1
"38",0.77,"GPR84",1
"16",0.76,"CENPK",1
"43",0.76,"KRT19",1
"47",0.76,"LGALS14",1
"33",0.75,"FPR1",1
"2",0.73,"AGXT",1
"20",0.73,"CLSPN",1
"5",0.72,"ART3",1
"71",0.72,"POU1F1",1
"74",0.72,"PRSS35",1
"82",0.72,"TIGD5",1
"70",0.71,"PON1",1
"78",0.71,"SLCO2A1",1
"31",0.7,"FAM86B3P",1
"62",0.7,"PASK",1
"28",0.68,"EPCAM",1
"76",0.67,"RNASEH2A",1
"61",0.65,"PART1",1
"67",0.64,"PLA2G1B",1
"7",0.62,"BPGM",1
"15",0.62,"CDCA7L",1
"21",0.62,"CRNDE",1
"89",0.62,"ZBTB16",1
"11",0.61,"CALB1",1
"14",0.61,"CD84",1
"34",0.61,"GAP43",1
"68",0.61,"PLEKHH2",1
"10",0.59,"C4orf48",1
"40",0.59,"HTATSF1",1
"80",0.58,"SMIM4",1
"87",0.58,"VIPR1",1
"46",0.57,"LARP1B",1
"90",0.57,"ZNF324B",1
"23",0.55,"CYB5D2",1
"83",0.54,"TLR4",1
"6",0.53,"BMP8A",1
"56",0.53,"NFE2",1
"86",0.53,"UROD",1
"4",0.52,"ANGPT2",1
"12",0.51,"CAMTA2",1
"65",0.48,"PEG10",1
"44",0.47,"KRTCAP2",1
"64",0.46,"PCNA",1
"24",0.45,"DIO2",1
"3",0.44,"ALDH1A1",1
"30",0.44,"FAM81A",1
"22",0.37,"CXCL14",1
"25",0.28,"DLK1",1
"141",0.95,"CHGB",2
"361",0.94,"HS3ST1",2
"671",0.93,"SELENOM",2
"321",0.91,"GIMAP8",2
"610",0.9,"CAV1",2
"561",0.9,"PCP4",2
"310",0.89,"BATF3",2
"121",0.88,"CD9",2
"211",0.87,"DEPDC7",2
"621",0.87,"RILPL2",2
"681",0.87,"SOX3",2
"741",0.87,"TIMP1",2
"781",0.85,"TRDN",2
"531",0.83,"NUCB2",2
"551",0.83,"ORAI2",2
"711",0.83,"SSTR2",2
"210",0.82,"B2M",2
"261",0.82,"FABP7",2
"381",0.82,"IFI6",2
"111",0.81,"CD79B",2
"221",0.8,"DOK2",2
"761",0.8,"TNFRSF12A",2
"191",0.79,"CST3",2
"341",0.79,"GPX3",2
"391",0.78,"IFIT1",2
"401",0.78,"IGSF1",2
"541",0.78,"OAS1",2
"501",0.77,"MX1",2
"410",0.76,"C1orf122",2
"271",0.76,"FKBP11",2
"331",0.76,"GPM6A",2
"521",0.76,"NENF",2
"281",0.75,"FKBP2",2
"451",0.75,"KRT42P",2
"371",0.74,"IFI30",2
"691",0.74,"SPINT2",2
"110",0.73,"ACOT7",2
"710",0.72,"CBLN1",2
"411",0.7,"IL10RA",2
"511",0.7,"NCAPH",2
"771",0.7,"TNFRSF1B",2
"201",0.69,"CXCR4",2
"421",0.69,"ISG15",2
"581",0.69,"PLD3",2
"641",0.69,"SCG2",2
"481",0.68,"LY6H",2
"91",0.67,"CCN3",2
"441",0.67,"KLHL11",2
"701",0.67,"SSR4",2
"241",0.66,"ECRG4",2
"591",0.66,"PLXND1",2
"721",0.65,"TCEAL6",2
"801",0.65,"XAF1",2
"431",0.64,"KDELR3",2
"510",0.62,"CAPSL",2
"631",0.62,"S100A6",2
"571",0.61,"PDE4B",2
"651",0.61,"SDF2L1",2
"791",0.6,"TROAP",2
"810",0.59,"CCN2",2
"291",0.59,"FNDC9",2
"461",0.59,"KRT8",2
"731",0.59,"THY1",2
"351",0.58,"HLA-B",2
"491",0.58,"MS4A7",2
"601",0.58,"PTGS2",2
"171",0.57,"CPLX3",2
"611",0.57,"RBBP8",2
"131",0.56,"CDH23",2
"751",0.56,"TMEM190",2
"471",0.55,"LXN",2
"231",0.52,"DYNC1I1",2
"301",0.5,"GGH",2
"661",0.5,"SEC11C",2
"151",0.49,"CLDN5",2
"101",0.48,"CCNB1",2
"161",0.47,"COTL1",2
"251",0.45,"FABP3",2
"181",0.44,"CRELD2",2
"311",0.25,"GH1",2
"502",0.96,"LY96",3
"102",0.95,"CD163",3
"512",0.93,"C1orf162",3
"272",0.93,"FCER1G",3
"362",0.93,"GPC5-AS1",3
"262",0.92,"F13A1",3
"622",0.91,"RPGR",3
"811",0.9,"C1QC",3
"532",0.9,"NPTX2",3
"242",0.89,"EDNRB",3
"582",0.89,"PLXNA1",3
"642",0.89,"SLCO2B1",3
"612",0.88,"C1QA",3
"212",0.88,"DAB2",3
"402",0.87,"HLA-DPB1",3
"412",0.87,"HLA-DRA",3
"432",0.87,"ITGA4",3
"552",0.87,"PLAT",3
"413",0.85,"BASP1",3
"112",0.85,"CD74",3
"382",0.85,"HCLS1",3
"562",0.85,"PLD4",3
"232",0.84,"DLX2",3
"632",0.84,"SLC40A1",3
"712",0.83,"C1QB",3
"392",0.83,"HEPACAM2",3
"682",0.83,"SRGN",3
"762",0.83,"ZBTB20-AS4",3
"662",0.82,"SPARCL1",3
"752",0.82,"VSIG4",3
"182",0.81,"CSF1R",3
"542",0.81,"PCOLCE",3
"252",0.8,"EGLN3",3
"482",0.8,"LPAR6",3
"742",0.79,"UNC5B-AS1",3
"192",0.78,"CXXC1",3
"322",0.77,"FOLR2",3
"442",0.77,"KCTD12",3
"732",0.77,"TGFBI",3
"312",0.76,"FN1",3
"422",0.76,"IFITM3",3
"462",0.75,"LILRB3",3
"372",0.74,"GPX8",3
"152",0.73,"COL5A2",3
"472",0.73,"LINC00632",3
"492",0.7,"LY86",3
"672",0.68,"SPON1",3
"172",0.67,"CRYBA2",3
"202",0.65,"CYTIP",3
"592",0.65,"PNMT",3
"113",0.64,"ABHD6",3
"162",0.64,"CPED1",3
"713",0.63,"TBXAS1",3
"132",0.62,"COL3A1",3
"142",0.61,"COL4A1",3
"302",0.61,"FGL2",3
"332",0.6,"GATA2",3
"222",0.59,"DCN",3
"282",0.58,"FCGR3A",3
"652",0.56,"SPARC",3
"292",0.55,"FEV",3
"613",0.54,"RAMP2",3
"122",0.53,"COL1A1",3
"602",0.53,"PRDM1",3
"722",0.53,"TCF21",3
"213",0.52,"ARPP21",3
"702",0.51,"TBX3",3
"92",0.5,"CAD",3
"513",0.5,"MEG3",3
"313",0.47,"ATXN3",3
"572",0.47,"PLTP",3
"692",0.46,"SULT1E1",3
"342",0.42,"GJB7",3
"352",0.39,"GPC4",3
"522",0.38,"NCAN",3
"452",0.34,"KNSTRN",3
"812",0.98,"CCDC170",4
"910",0.98,"CCL23",4
"343",0.98,"CXCR3",4
"363",0.98,"DEUP1",4
"633",0.98,"KIR2DS4",4
"663",0.98,"KRT25",4
"772",0.98,"NIBAN3",4
"802",0.98,"NOSTRIN",4
"881",0.98,"POF1B",4
"99",0.98,"RHO",4
"105",0.98,"SELENOV",4
"123",0.97,"CD2",4
"393",0.97,"EDN2",4
"443",0.97,"FYB2",4
"93",0.97,"PRRX2",4
"323",0.96,"CPZ",4
"433",0.96,"FGFBP2",4
"563",0.95,"HPGD",4
"763",0.95,"MYO1G",4
"100",0.94,"RSPO3",4
"183",0.93,"CEACAM1",4
"453",0.93,"GIMAP7",4
"463",0.93,"GLIS3-AS1",4
"693",0.93,"LGALS13",4
"861",0.93,"PLAC9",4
"753",0.92,"MYC",4
"104",0.92,"SECTM1",4
"214",0.91,"APOBEC3D",4
"243",0.91,"CLEC4A",4
"603",0.91,"IL7R",4
"124",0.9,"ALOX15",4
"743",0.9,"MX2",4
"1101",0.9,"TCL1A",4
"117",0.9,"VSIG1",4
"1110",0.89,"CCR1",4
"573",0.89,"ICOS",4
"273",0.88,"COL13A1",4
"133",0.87,"CD247",4
"293",0.87,"COLEC11",4
"614",0.87,"KCNJ8",4
"782",0.87,"NMRK2",4
"103",0.87,"SCGB3A1",4
"153",0.86,"CD3G",4
"163",0.86,"CD79A",4
"143",0.85,"CD34",4
"203",0.85,"CEBPB-AS1",4
"514",0.85,"HCAR3",4
"106",0.85,"SH2D3A",4
"821",0.84,"PBK",4
"1011",0.84,"RUNX3",4
"173",0.83,"CDKN3",4
"483",0.83,"GPR34",4
"97",0.83,"RARRES2",4
"223",0.82,"CLEC14A",4
"403",0.82,"ESAM",4
"733",0.82,"MAB21L1",4
"353",0.81,"CYP2S1",4
"283",0.79,"COL20A1",4
"96",0.79,"RAMP3",4
"193",0.78,"CEBPA",4
"333",0.77,"CRYAB",4
"215",0.76,"CKAP5",4
"673",0.76,"LCK",4
"921",0.76,"PRF1",4
"383",0.75,"E2F7",4
"714",0.75,"LMOD1",4
"115",0.75,"USP44",4
"373",0.74,"DLX6-AS1",4
"1021",0.74,"SCARA5",4
"1111",0.74,"TDRD9",4
"114",0.74,"TNFRSF4",4
"533",0.73,"HMBS",4
"643",0.73,"KLHDC4",4
"831",0.73,"PCDH17",4
"653",0.72,"KRT18",4
"792",0.72,"NMU",4
"715",0.71,"BST2",4
"423",0.71,"FAM83D",4
"303",0.69,"COX6A2",4
"723",0.69,"LRRC26",4
"94",0.69,"PYY2",4
"107",0.69,"SOX17",4
"95",0.68,"RACGAP1",4
"98",0.68,"RCSD1",4
"233",0.67,"CLEC2B",4
"314",0.67,"CPA5",4
"543",0.67,"HMGB3",4
"583",0.67,"IFI16",4
"813",0.67,"OTOS",4
"118",0.67,"VTRNA1-3",4
"120",0.67,"ZNF852",4
"263",0.66,"CLIC3",4
"414",0.66,"FAM3B",4
"615",0.65,"BIRC5",4
"415",0.64,"ARHGAP11B",4
"623",0.64,"KIF11",4
"703",0.64,"LMO2",4
"851",0.64,"PENK",4
"109",0.64,"SYNPO2",4
"119",0.63,"ZNF704",4
"473",0.62,"GNG11",4
"503",0.62,"HBZ",4
"593",0.62,"IL32",4
"901",0.6,"PPP1R14A",4
"1131",0.6,"TGM2",4
"253",0.59,"CLEC4F",4
"108",0.57,"STYX",4
"515",0.56,"ATAD2",4
"683",0.56,"LGALS1",4
"891",0.56,"POSTN",4
"1010",0.55,"CCNB2",4
"493",0.54,"GRK5",4
"553",0.54,"HMMR",4
"523",0.52,"HLA-DRB5",4
"841",0.48,"PECAM1",4
"911",0.48,"PRDX4",4
"116",0.48,"VIM",4
"871",0.46,"PLVAP",4
"1121",0.44,"TFAP2B",4
"315",0.42,"APOC1",4
"1310",0.99,"CCR5",5
"1710",0.99,"CD300LF",5
"204",0.99,"CDA",5
"224",0.99,"CEACAM6",5
"264",0.99,"CGB7",5
"294",0.99,"CLEC5A",5
"404",0.99,"DEFA4",5
"684",0.99,"GRAP",5
"704",0.99,"GSN-AS1",5
"862",0.99,"IL4I1",5
"892",0.99,"KCNA1",5
"931",0.99,"LEF1-AS1",5
"951",0.99,"LHX2",5
"971",0.99,"LINC02076",5
"1091",0.99,"METAP1D",5
"1132",0.99,"MS4A3",5
"1181",0.99,"MUC16",5
"1321",0.99,"PLET1",5
"136",0.99,"PTGDS",5
"139",0.99,"RFX8",5
"1431",0.99,"RHCE",5
"144",0.99,"RHOV",5
"166",0.99,"SUCNR1",5
"1731",0.99,"TNFAIP6",5
"174",0.99,"TNNI2",5
"912",0.98,"BPI",5
"1410",0.98,"CD163L1",5
"1610",0.98,"CD209",5
"554",0.98,"FCER2",5
"882",0.98,"ITGAX",5
"137",0.98,"RAB37",5
"1012",0.97,"C3orf80",5
"304",0.97,"CLIC2",5
"624",0.97,"FXYD5",5
"754",0.97,"HLA-DRB1",5
"793",0.97,"IFI27",5
"872",0.97,"INSM2",5
"1051",0.97,"LYZ",5
"126",0.97,"OBSCN",5
"1521",0.97,"SH3BP1",5
"157",0.97,"SLC2A5",5
"254",0.96,"CGB3",5
"902",0.96,"KCNK3",5
"913",0.96,"KIF21B",5
"1061",0.96,"MAFB",5
"168",0.96,"TAMALIN",5
"1721",0.96,"TMPRSS13",5
"644",0.95,"G0S2",5
"154",0.95,"SLC22A4",5
"474",0.94,"E2F2",5
"516",0.94,"EML2-AS1",5
"1031",0.94,"LTF",5
"1161",0.94,"MSR1",5
"1331",0.94,"PLIN2",5
"147",0.94,"S100A8",5
"156",0.94,"SLC2A1",5
"176",0.94,"TYROBP",5
"1112",0.93,"CARD16",5
"981",0.93,"LMNTD2",5
"128",0.93,"PCDHGA10",5
"1311",0.93,"PILRA",5
"134",0.93,"PLSCR2",5
"145",0.93,"RNASE6",5
"194",0.92,"CD86",5
"1102",0.92,"MKI67",5
"179",0.92,"ZNF347",5
"180",0.92,"ZNF385C",5
"284",0.91,"CLCN5",5
"324",0.91,"CNNM1",5
"484",0.91,"EDN1",5
"1013",0.91,"LRRTM3",5
"1122",0.91,"MRC1",5
"1171",0.91,"MT2A",5
"1511",0.91,"SERPINA3",5
"814",0.9,"BDNF",5
"674",0.9,"GK",5
"803",0.9,"IFIH1",5
"1151",0.9,"MS4A6A",5
"1241",0.9,"NGFR",5
"148",0.9,"S100A9",5
"316",0.89,"ABI3",5
"634",0.89,"FYB1",5
"773",0.89,"HPGDS",5
"842",0.89,"IL17RD",5
"1022",0.89,"LTB",5
"416",0.88,"ADM",5
"1041",0.88,"LYVE1",5
"146",0.88,"S100A4",5
"1631",0.88,"SPINK2",5
"1510",0.87,"CD1D",5
"344",0.87,"CTSS",5
"1621",0.87,"SP2-AS1",5
"184",0.86,"CD33",5
"664",0.86,"GFRA1",5
"764",0.86,"HMOX1",5
"164",0.86,"STAB1",5
"167",0.86,"TAGLN",5
"716",0.85,"ARHGDIB",5
"374",0.85,"CYTH4",5
"1211",0.85,"NCAPD2",5
"158",0.85,"SLC38A11",5
"185",0.84,"A2M",5
"317",0.84,"CMYA5",5
"744",0.84,"HILPDA",5
"1191",0.84,"MYB",5
"1201",0.84,"MYO1F",5
"1231",0.84,"NFIX",5
"127",0.84,"P2RY2",5
"150",0.84,"SEMA3C",5
"216",0.83,"ABCC8",5
"334",0.83,"COL11A1",5
"384",0.83,"CYTL1",5
"1421",0.83,"RHBDL2",5
"159",0.83,"SLIT2",5
"574",0.82,"FCN1",5
"717",0.82,"H1-3",5
"138",0.82,"RELN",5
"160",0.82,"SMAD5-AS1",5
"594",0.81,"FOXC1",5
"991",0.81,"LPCAT2",5
"177",0.81,"USP27X",5
"517",0.8,"ADPRH",5
"364",0.8,"CYP2B7P",5
"1221",0.8,"NEUROD1",5
"140",0.8,"RGS19",5
"1611",0.8,"SOX2-OT",5
"217",0.79,"CDHR3",5
"444",0.79,"DPEP2",5
"724",0.79,"H2AC20",5
"234",0.78,"CETP",5
"354",0.78,"CYP26A1",5
"1141",0.78,"MS4A4A",5
"155",0.78,"SLC25A37",5
"544",0.77,"FBXO32",5
"125",0.77,"NR2F1",5
"1811",0.77,"ZNF791",5
"961",0.76,"LILRB5",5
"244",0.75,"CFAP65",5
"464",0.75,"DSG3",5
"584",0.75,"FMN2",5
"783",0.74,"IER3",5
"822",0.74,"IGFBP5",5
"654",0.73,"GAD1",5
"1113",0.73,"MPO",5
"564",0.72,"FCGR1A",5
"616",0.72,"FSHB",5
"1531",0.72,"SLC11A1",5
"165",0.72,"STC1",5
"941",0.71,"LHB",5
"130",0.71,"PHLDA2",5
"694",0.7,"GRIK1",5
"129",0.7,"PDGFRB",5
"734",0.69,"HBD",5
"169",0.69,"TFPI",5
"170",0.69,"TGFBR3L",5
"1210",0.68,"CCL5",5
"274",0.68,"CILP",5
"424",0.68,"DKK2",5
"524",0.68,"EREG",5
"1001",0.68,"LRRC32",5
"178",0.68,"VCAN",5
"394",0.67,"CYTOR",5
"832",0.67,"IL17RB",5
"454",0.66,"DPT",5
"534",0.66,"FBLL1",5
"604",0.65,"FOXG1",5
"175",0.64,"TSC22D1-AS1",5
"504",0.63,"ELF3",5
"852",0.63,"IL2RG",5
"922",0.63,"LDLRAD2",5
"494",0.62,"EGFL7",5
"1071",0.62,"MAP7D2",5
"1711",0.62,"THBS4",5
"434",0.61,"DNAJC12",5
"815",0.61,"IFITM1",5
"135",0.61,"PPP1R3C",5
"1081",0.6,"MELK",5
"149",0.57,"SCT",5
"617",0.56,"AGR2",5
"1411",0.56,"RHBDL1",5
"417",0.54,"DEPP1",5
"1212",0.99,"BTNL2",6
"285",0.99,"CTRL",6
"485",0.99,"GALNT6",6
"635",0.99,"KHDC1L",6
"755",0.99,"MESP2",6
"883",0.99,"PADI4",6
"618",0.98,"AQP4",6
"745",0.98,"MCEMP1",6
"914",0.98,"PDZK1IP1",6
"186",0.97,"ACKR1",6
"275",0.97,"CRTC3-AS1",6
"445",0.97,"FILIP1",6
"1123",0.97,"TASL",6
"1133",0.97,"TDO2",6
"1291",0.97,"ZNF804A",6
"923",0.96,"PLAU",6
"1082",0.96,"SLAMF7",6
"1023",0.95,"RCN3",6
"1072",0.95,"SIGLEC1",6
"418",0.94,"APBB1IP",6
"518",0.94,"APOE",6
"942",0.94,"PLXDC1",6
"1612",0.93,"CD4",6
"375",0.93,"DNASE1L3",6
"833",0.93,"NGF",6
"1281",0.93,"ZNF556",6
"1242",0.92,"VSIR",6
"195",0.91,"CENPA",6
"665",0.91,"KRT1",6
"903",0.91,"PCK1",6
"1114",0.9,"STXBP6",6
"525",0.89,"H2BC12",6
"355",0.88,"DKK4",6
"863",0.88,"NTS",6
"1213",0.88,"TTK",6
"535",0.87,"H3C4",6
"932",0.87,"PLK1",6
"962",0.86,"PRSS57",6
"1232",0.86,"UBE2T",6
"205",0.85,"CENPF",6
"425",0.85,"FALEC",6
"645",0.85,"KIF2C",6
"893",0.85,"PAPPA2",6
"505",0.84,"GOLPH3L",6
"952",0.84,"POC1A",6
"1512",0.83,"CD300LB",6
"385",0.83,"DOCK8",6
"585",0.83,"HNMT",6
"225",0.82,"CENPU",6
"695",0.82,"LILRB2",6
"1103",0.82,"SRRM4",6
"235",0.81,"CFH",6
"816",0.81,"NEFM",6
"915",0.8,"ASCL1",6
"784",0.8,"MPPED2",6
"982",0.8,"PTGER4",6
"187",0.79,"CDKN2C",6
"435",0.79,"FHL2",6
"625",0.79,"IFI44L",6
"675",0.78,"L1TD1",6
"705",0.78,"LMO7",6
"765",0.77,"MGARP",6
"1271",0.77,"ZG16B",6
"853",0.76,"NRXN1",6
"1002",0.76,"RALYL",6
"218",0.74,"CENPJ",6
"365",0.74,"DMAC2L",6
"395",0.74,"EDNRA",6
"255",0.73,"CLEC9A",6
"465",0.73,"FSTL5",6
"735",0.72,"MAF",6
"1115",0.71,"BEND3",6
"318",0.71,"CYBA",6
"718",0.7,"LRRC8C-DT",6
"992",0.7,"RAC2",6
"1014",0.7,"RBMS3-AS3",6
"1092",0.7,"SPC25",6
"1312",0.69,"CADM2",6
"475",0.69,"GALNT14",6
"605",0.69,"HYAL2",6
"804",0.69,"NCF2",6
"419",0.68,"FABP4",6
"619",0.68,"IDO1",6
"794",0.68,"MYOM2",6
"1192",0.68,"TSPAN1",6
"1062",0.67,"SGK1",6
"1152",0.67,"TIAM1",6
"295",0.65,"CXCL12",6
"519",0.64,"GRIA4",6
"595",0.64,"HSPA6",6
"219",0.63,"ALOX5AP",6
"405",0.63,"ERICH6B",6
"774",0.63,"MIR9-1HG",6
"823",0.62,"NEURL2",6
"843",0.62,"NPL",6
"1712",0.61,"CD48",6
"325",0.61,"DCX",6
"972",0.61,"PSRC1",6
"1015",0.6,"BACH2",6
"265",0.59,"CORO1A",6
"455",0.59,"FRMD3",6
"565",0.59,"HES6",6
"575",0.59,"HLA-E",6
"1261",0.59,"WFDC2",6
"555",0.57,"HELLS",6
"1042",0.57,"RTN1",6
"1142",0.57,"TFPI2",6
"319",0.56,"ANGPT1",6
"719",0.56,"ARFIP2",6
"873",0.56,"NUDT1",6
"1032",0.55,"RNASE1",6
"305",0.53,"CYB561",6
"725",0.53,"LTC4S",6
"345",0.51,"DIRAS3",6
"545",0.51,"HBG1",6
"1412",0.5,"CALB2",6
"1162",0.5,"TMCC2",6
"1222",0.5,"TWIST1",6
"1202",0.49,"TTC4",6
"1251",0.49,"WDR76",6
"1182",0.48,"TPX2",6
"685",0.47,"LGMN",6
"495",0.46,"GNG3",6
"655",0.44,"KIF4A",6
"335",0.42,"DDC",6
"1052",0.42,"SCGB2A1",6
"1172",0.42,"TMED3",6
"817",0.38,"ARL6IP1",6
"245",0.37,"CKS1B",6
"476",0.99,"CX3CR1",7
"993",0.99,"LINC00668",7
"1243",0.99,"PRECSIT",7
"1561",0.99,"TAL1",7
"220",0.98,"ACTG2",7
"720",0.98,"APCDD1L-DT",7
"1613",0.98,"C11orf21",7
"1713",0.98,"C1QTNF2",7
"366",0.98,"CLEC1B",7
"4110",0.98,"COL8A1",7
"426",0.98,"CRYBG3",7
"456",0.98,"CSNK1A1L",7
"656",0.98,"GABRA3",7
"726",0.98,"GSC",7
"864",0.98,"IRX2",7
"1104",0.98,"MYO18B",7
"1124",0.98,"NUF2",7
"1214",0.98,"PIK3R5",7
"1391",0.98,"SEZ6L",7
"1601",0.98,"THSD4-AS2",7
"686",0.97,"GATA1",7
"818",0.97,"IFIT2",7
"983",0.97,"LGI1",7
"1163",0.97,"OVOL3",7
"1272",0.97,"PTAFR",7
"1413",0.97,"SFRP4",7
"819",0.96,"ARHGAP15",7
"586",0.96,"FAM24B",7
"6110",0.96,"FGF1",7
"916",0.96,"KLRC3",7
"1414",0.95,"BUB1B",7
"1063",0.95,"MPEG1",7
"1093",0.95,"MYO10",7
"1233",0.95,"PMFBP1",7
"188",0.94,"ACP5",7
"189",0.94,"C1QTNF3",7
"1313",0.93,"B3GNT2",7
"446",0.93,"CSF1",7
"596",0.93,"FANCD2",7
"874",0.93,"ITGAV",7
"894",0.93,"ITPR2",7
"2110",0.92,"C9orf24",7
"496",0.92,"DCLK1",7
"1351",0.92,"SCAMP5",7
"1491",0.92,"STK17B",7
"1614",0.92,"THSD7A",7
"1632",0.92,"TNFRSF8",7
"1116",0.91,"ASPM",7
"466",0.91,"CTSW",7
"236",0.9,"CAGE1",7
"924",0.9,"KLRD1",7
"933",0.9,"KNL1",7
"420",0.89,"ANK1",7
"336",0.89,"CDK1",7
"706",0.89,"GPR183",7
"834",0.89,"IGSF6",7
"953",0.89,"LAD1",7
"1581",0.89,"TFF3",7
"1143",0.88,"OLR1",7
"1571",0.88,"TCHH",7
"917",0.87,"ARHGAP19",7
"376",0.87,"CLPSL2",7
"1223",0.87,"PLAAT4",7
"356",0.86,"CKAP2",7
"943",0.86,"KTN1-AS1",7
"1301",0.86,"PVRIG",7
"576",0.85,"FAM107A",7
"1134",0.85,"OASL",7
"1481",0.85,"SPTA1",7
"196",0.84,"C21orf62",7
"326",0.84,"CDCA3",7
"506",0.84,"DHFR",7
"1043",0.84,"MMP19",7
"1117",0.84,"NCAPG",7
"1183",0.84,"PCOLCE-AS1",7
"1641",0.84,"TTC9",7
"620",0.83,"ANKRD9",7
"226",0.83,"CA2",7
"396",0.83,"CNTN2",7
"436",0.83,"CRYM",7
"746",0.83,"GYPB",7
"884",0.83,"ITGB2-AS1",7
"904",0.83,"KIF15",7
"1322",0.83,"RGS16",7
"520",0.82,"ANKRD19P",7
"406",0.82,"COL14A1",7
"1203",0.82,"PIF1",7
"1371",0.82,"SELL",7
"1381",0.82,"SELPLG",7
"1541",0.82,"TACC3",7
"1153",0.81,"OMD",7
"1262",0.81,"PRSS12",7
"1292",0.81,"PTTG1",7
"1441",0.81,"SMC2",7
"1513",0.8,"C11orf16",7
"286",0.8,"CD3D",7
"256",0.79,"CCDC39",7
"676",0.79,"GAS1",7
"775",0.79,"HCK",7
"805",0.79,"HMGN5",7
"1514",0.79,"STX11",7
"1591",0.79,"THBD",7
"320",0.78,"ANGPTL1",7
"346",0.78,"CDKN2D",7
"756",0.78,"GZMB",7
"844",0.78,"IL1A",7
"963",0.78,"LAPTM5",7
"1053",0.78,"MND1",7
"785",0.77,"HJURP",7
"973",0.77,"LEFTY2",7
"1033",0.77,"MCFD2",7
"1252",0.77,"PRKCB",7
"1432",0.77,"SKAP2",7
"1501",0.77,"STKLD1",7
"1532",0.77,"SYK",7
"854",0.76,"IL1B",7
"266",0.75,"CCDC88A",7
"636",0.75,"FOXP2",7
"7110",0.75,"GRB14",7
"1282",0.75,"PTPRCAP",7
"1332",0.75,"RTN4RL1",7
"736",0.74,"GUCA1A",7
"1173",0.74,"PCAT19",7
"1461",0.74,"SNCG",7
"1671",0.74,"XCL2",7
"795",0.73,"HMGB2",7
"1073",0.73,"MUC15",7
"1451",0.73,"SMIM22",7
"486",0.72,"DAPL1",7
"566",0.71,"EVI2A",7
"1471",0.71,"SOX11",7
"306",0.68,"CDC20",7
"696",0.68,"GOLGA8IP",7
"5110",0.67,"DIRC1",7
"666",0.67,"GAREM1",7
"824",0.67,"IGF1",7
"1401",0.67,"SFRP2",7
"1341",0.66,"S100B",7
"1522",0.66,"STX2",7
"206",0.65,"C3",7
"276",0.65,"CCL4",7
"3110",0.65,"CDC42EP3",7
"1551",0.65,"TACSTD2",7
"1661",0.65,"VAMP8",7
"386",0.64,"CNRIP1",7
"546",0.64,"EFNA2",7
"1193",0.64,"PHACTR3",7
"1651",0.64,"UNC93B1",7
"1016",0.63,"ARID3A",7
"556",0.63,"ERBB4",7
"1083",0.63,"MYL4",7
"1622",0.63,"TMEM88",7
"296",0.62,"CD53",7
"1017",0.62,"LYPD1",7
"606",0.61,"FBLN1",7
"246",0.58,"CARTPT",7
"1422",0.56,"SILC1",7
"536",0.54,"ECEL1",7
"1024",0.54,"MAP1B",7
"1215",0.53,"ATP5MGL",7
"646",0.53,"GABBR2",7
"1003",0.51,"LUM",7
"1314",0.51,"PYCARD",7
"526",0.5,"DNAJC18",7
"1361",0.49,"SCN3A",7
"626",0.46,"FLRT2",7
"766",0.4,"H4C3",7
"796",1,"RHPN1-AS1",8
"190",0.99,"ADAMTS8",8
"427",0.99,"BDKRB2",8
"527",0.99,"C8orf34",8
"918",0.99,"CD177",8
"1018",0.99,"CD19",8
"1216",0.99,"CD40LG",8
"1714",0.99,"CSF3",8
"1810",0.99,"CSHL1",8
"257",0.99,"DLEU7-AS1",8
"277",0.99,"FBXO47",8
"287",0.99,"FBXW12",8
"357",0.99,"GNAT1",8
"377",0.99,"GPR1",8
"387",0.99,"GRP",8
"428",0.99,"HBBP1",8
"437",0.99,"HEPACAM",8
"467",0.99,"HSPB3",8
"477",0.99,"IFIT1B",8
"497",0.99,"IL12B",8
"537",0.99,"ISM1",8
"547",0.99,"KCNH7",8
"597",0.99,"LINC00977",8
"607",0.99,"LINC01126",8
"637",0.99,"MS4A2",8
"647",0.99,"NKX3-2",8
"657",0.99,"NOX3",8
"677",0.99,"PLAAT2",8
"707",0.99,"PRPH",8
"727",0.99,"PRR7-AS1",8
"737",0.99,"PRSS21",8
"767",0.99,"RAD9B",8
"786",0.99,"RCVRN",8
"806",0.99,"SAA1",8
"8110",0.99,"SCARNA10",8
"835",0.99,"SERPINA5",8
"885",0.99,"SORCS3-AS1",8
"895",0.99,"SOX21",8
"919",0.99,"STK31",8
"925",0.99,"STPG2-AS1",8
"954",0.99,"TERT",8
"974",0.99,"THEM5",8
"1019",0.99,"TSSK6",8
"1025",0.99,"UBD",8
"1034",0.99,"VNN2",8
"1044",0.99,"VSTM2B",8
"1054",0.99,"XIRP1",8
"3111",0.98,"GAPDHS",8
"327",0.97,"GDF10",8
"447",0.97,"HHATL",8
"528",0.97,"IL33",8
"825",0.96,"SCNN1G",8
"487",0.95,"IGLL1",8
"4111",0.94,"H2AC12",8
"667",0.94,"PCAT18",8
"627",0.93,"CATSPER1",8
"227",0.92,"ADIRF",8
"328",0.92,"ASB2",8
"1615",0.92,"CRYBB1",8
"687",0.92,"POLR2M",8
"697",0.91,"PRL",8
"1415",0.9,"CLEC10A",8
"207",0.9,"CTSV",8
"407",0.9,"H1-5",8
"820",0.88,"CCR2",8
"197",0.88,"CSTA",8
"337",0.88,"GIMAP4",8
"367",0.88,"GNG12-AS1",8
"5111",0.88,"IL2RB",8
"747",0.88,"PTCHD1",8
"347",0.85,"GLOD5",8
"397",0.85,"H1-1",8
"964",0.85,"TESPA1",8
"1064",0.85,"ZNF205-AS1",8
"228",0.84,"DCT",8
"7111",0.84,"PRR15",8
"757",0.84,"PTGS1",8
"267",0.82,"EBI3",8
"297",0.81,"FLACC1",8
"728",0.8,"CCDC62",8
"237",0.8,"DEPDC1",8
"845",0.8,"SGCA",8
"855",0.8,"SIGLEC17P",8
"1515",0.78,"CNMD",8
"2111",0.78,"CYSRT1",8
"865",0.78,"SLC16A12",8
"247",0.75,"DIAPH3",8
"587",0.75,"LILRB4",8
"934",0.74,"SYT10",8
"1315",0.73,"CDKN2A",8
"944",0.73,"TBX19",8
"1004",0.72,"TNNT1",8
"628",0.71,"MITF",8
"984",0.71,"TM4SF18",8
"507",0.7,"IL21R",8
"577",0.69,"LCP2",8
"557",0.68,"KCNQ4",8
"6111",0.68,"LST1",8
"1118",0.67,"CD37",8
"875",0.66,"SLPI",8
"457",0.63,"HSPA7",8
"994",0.63,"TMEM176B",8
"776",0.62,"RBP4",8
"567",0.59,"KDR",8
"307",0.58,"GAL",8
"905",0.53,"SPECC1",8
"926",0.99,"SCIMP",9
"965",0.99,"SLAMF8",9
"1055",0.99,"TNFAIP8L2",9
"1084",0.99,"TREM1",9
"826",0.98,"APOBEC3A",9
"1316",0.98,"BOLL",9
"1516",0.98,"CCL22",9
"268",0.98,"CMTM2",9
"278",0.98,"COX4I2",9
"348",0.98,"DRC7",9
"368",0.98,"EMX2",9
"398",0.98,"FAM95A",9
"438",0.98,"FCGR2B",9
"538",0.98,"INCENP",9
"768",0.98,"PADI2",9
"906",0.98,"RNASE2",9
"975",0.98,"SLC6A3",9
"198",0.97,"AARD",9
"920",0.97,"APOBR",9
"258",0.97,"CLECL1",9
"338",0.97,"DHRS2",9
"629",0.97,"LINC00189",9
"836",0.97,"PTPN7",9
"10110",0.97,"SUSD3",9
"529",0.96,"AJAP1",9
"578",0.96,"KIF18A",9
"308",0.95,"CXCL10",9
"388",0.95,"FAM178B",9
"408",0.95,"FBLN5",9
"4112",0.95,"FBXO5",9
"248",0.94,"CLEC3B",9
"498",0.94,"HCST",9
"5210",0.94,"IL10",9
"288",0.93,"CRPPA",9
"448",0.93,"GAD2",9
"658",0.93,"MACC1",9
"1045",0.93,"TMEM52B",9
"548",0.92,"IRF8",9
"638",0.92,"LINC00616",9
"729",0.92,"NCF4",9
"1119",0.92,"TTYH1",9
"2112",0.91,"CEMIP",9
"1812",0.9,"CD300E",9
"648",0.89,"LSP1",9
"886",0.89,"RGS1",9
"378",0.88,"ENOX1",9
"678",0.88,"MC2R",9
"1144",0.88,"WASIR2",9
"229",0.87,"CHST5",9
"1184",0.86,"ZMYND10",9
"1217",0.84,"BIN2",9
"668",0.84,"MAP3K19",9
"630",0.83,"ANLN",9
"199",0.83,"CD36",9
"1154",0.83,"WDFY4",9
"688",0.82,"MGP",9
"1074",0.82,"TPM2",9
"468",0.81,"GMDS",9
"508",0.81,"HLA-DPA1",9
"598",0.81,"KLHL31",9
"608",0.81,"KRT17",9
"807",0.81,"PMAIP1",9
"458",0.8,"GBP4",9
"738",0.8,"NPW",9
"1094",0.8,"TRPC4",9
"1715",0.79,"CCRL2",9
"329",0.79,"CYBB",9
"358",0.79,"ECT2",9
"429",0.79,"FCGR2A",9
"1065",0.79,"TNFSF13B",9
"1020",0.78,"APOD",9
"478",0.78,"GMNN",9
"1164",0.78,"WFDC1",9
"298",0.77,"CXCL1",9
"827",0.77,"PPP1R17",9
"856",0.77,"RAB42P1",9
"238",0.76,"CLEC12A",9
"985",0.76,"SLC7A5P2",9
"230",0.75,"ABCG2",9
"1120",0.75,"ARHGAP18",9
"1416",0.75,"CACNA1B",9
"568",0.75,"ITIH5",9
"876",0.74,"RDH12",9
"866",0.73,"RAMP1",9
"1026",0.73,"TCIM",9
"945",0.72,"SERPINA1",9
"1174",0.72,"ZFAND2A",9
"935",0.71,"SCN4B",9
"1616",0.7,"CCL3",9
"588",0.7,"KLF2",9
"758",0.7,"OSR2",9
"787",0.69,"PLAUR",9
"955",0.69,"SHCBP1",9
"730",0.68,"ANXA1",9
"797",0.67,"PLEK",9
"8111",0.67,"POLR1F",9
"995",0.66,"SMC4",9
"1035",0.66,"TLR7",9
"698",0.65,"MMP9",9
"1135",0.65,"VSNL1",9
"708",0.64,"MNS1",9
"1105",0.64,"TTR",9
"7112",0.63,"MT1E",9
"5112",0.62,"HMGA1",9
"846",0.61,"PTPRE",9
"488",0.6,"GNB3",9
"558",0.6,"ITGB2",9
"9110",0.59,"SAMSN1",9
"208",0.58,"CD44",9
"748",0.58,"OLFML3",9
"1005",0.58,"SOD2",9
"1125",0.58,"UCP2",9
"3112",0.55,"CXCL2",9
"777",0.55,"PANX2",9
"896",0.55,"RGS2",9
"430",0.51,"AIF1",9
"330",0.48,"ADGRE5",9
"6112",0.43,"LGALS3",9
"1218",0.99,"BHLHE41",10
"1910",0.99,"CFP",10
"559",0.99,"LURAP1L-AS1",10
"1100",0.98,"ADRA1B",10
"339",0.98,"ALOX12B",10
"439",0.98,"ANKRD1",10
"828",0.98,"B4GALT1-AS1",10
"927",0.98,"BARX2",10
"1517",0.98,"CCDC17",10
"1617",0.98,"CDH26",10
"279",0.98,"DOCK8-AS1",10
"479",0.98,"KRTAP12-1",10
"489",0.98,"L3MBTL4-AS1",10
"499",0.98,"LGR5",10
"509",0.98,"LINC00930",10
"5113",0.98,"LINC00958",10
"5211",0.98,"LINC01285",10
"609",0.98,"OR7D2",10
"709",0.98,"POM121L8P",10
"829",0.98,"RRAD",10
"847",0.98,"S100A2",10
"897",0.98,"SLCO1C1",10
"936",0.98,"SYT2",10
"966",0.98,"TEX14",10
"1106",0.98,"ZNF341-AS1",10
"1027",0.97,"BATF",10
"4113",0.97,"IBSP",10
"459",0.97,"INHBB",10
"759",0.97,"PROC",10
"1036",0.97,"TSLP",10
"1085",0.97,"VPREB3",10
"1417",0.96,"CBLN2",10
"2210",0.96,"CR1L",10
"3113",0.96,"FFAR2",10
"6210",0.96,"PCP2",10
"778",0.96,"PTPRZ1",10
"1095",0.96,"WFIKKN2",10
"259",0.95,"CYP11A1",10
"449",0.95,"IL6R",10
"3210",0.94,"FGF18",10
"369",0.93,"GEM",10
"549",0.92,"LPL",10
"877",0.92,"SH2D6",10
"1046",0.92,"TSPAN32",10
"3310",0.91,"FUOM",10
"4210",0.91,"IL13RA2",10
"679",0.91,"PITRM1-AS1",10
"7113",0.91,"PPIF",10
"1126",0.9,"BFSP1",10
"7210",0.9,"PPM1J",10
"798",0.9,"RASD2",10
"907",0.9,"SMIM24",10
"11110",0.9,"ZNF732",10
"639",0.88,"ARHGAP6",10
"539",0.88,"LINC01607",10
"209",0.87,"COL25A1",10
"887",0.87,"SLC39A8",10
"359",0.86,"GBP2",10
"579",0.86,"MT3",10
"1006",0.86,"TNFAIP3",10
"1056",0.86,"TSPO2",10
"569",0.85,"MADCAM1",10
"589",0.85,"NRN1L",10
"769",0.85,"PSG4",10
"956",0.85,"TDGF1",10
"10111",0.85,"TNFSF10",10
"1716",0.84,"CDKN1A",10
"599",0.84,"OPCML",10
"659",0.84,"PDPN",10
"6310",0.83,"PDE4C",10
"289",0.82,"EGR4",10
"469",0.82,"KLHL41",10
"269",0.81,"DEFB1",10
"996",0.81,"TNF",10
"739",0.79,"ATP6V1B1",10
"309",0.79,"FANCB",10
"379",0.79,"GFI1B",10
"808",0.79,"RGCC",10
"349",0.78,"FXYD3",10
"1028",0.77,"TRH",10
"239",0.75,"CSRP2",10
"669",0.75,"PF4",10
"788",0.75,"PYHIN1",10
"857",0.75,"SBNO2",10
"299",0.73,"ESM1",10
"7310",0.73,"PRC1",10
"928",0.73,"STARD9",10
"986",0.73,"TIGIT",10
"649",0.72,"PDLIM2",10
"1317",0.71,"CA1",10
"976",0.71,"THSD4",10
"530",0.7,"ANXA3",10
"1813",0.7,"CENPN",10
"399",0.7,"H3C8",10
"2113",0.69,"COL28A1",10
"240",0.68,"AIM2",10
"409",0.68,"HLA-DQA1",10
"4310",0.67,"IL6",10
"1075",0.67,"VGLL1",10
"6113",0.66,"PCDH7",10
"9111",0.66,"SORCS2",10
"1066",0.66,"TUBB6",10
"689",0.64,"PLEKHA4",10
"946",0.64,"TAGAP",10
"249",0.62,"CTSD",10
"699",0.61,"POLA2",10
"837",0.6,"S100A10",10
"389",0.59,"GHRHR",10
"749",0.57,"PRLHR",10
"8112",0.54,"RGS10",10
"867",0.54,"SGCG",10
"440",0.98,"ADGRL4",11
"540",0.98,"ADRA2C",11
"1127",0.98,"ARX",11
"1814",0.98,"CDH5",11
"2010",0.98,"CHAMP1",11
"2710",0.98,"CRTAM",11
"5410",0.98,"LINC00461",11
"937",0.98,"SPIB",11
"1029",0.98,"TSSK3",11
"1107",0.97,"ABCA4",11
"340",0.97,"ADGRG6",11
"2211",0.97,"CLDN10",11
"2510",0.97,"COL6A6",11
"3010",0.97,"DLX1",11
"3114",0.97,"DLX5",11
"4410",0.97,"GBP6",11
"4910",0.97,"IGLL5",11
"7610",0.97,"POU3F3",11
"908",0.97,"SMOC1",11
"967",0.97,"TDRD12",11
"1067",0.97,"VWF",11
"5910",0.96,"MMRN1",11
"6810",0.94,"PARPBP",11
"1086",0.94,"WNT4",11
"929",0.93,"APLNR",11
"5212",0.93,"LAMP3",11
"6610",0.93,"OLIG1",11
"7510",0.93,"POU3F2",11
"2310",0.92,"COL12A1",11
"5010",0.92,"KIF20A",11
"9210",0.92,"SPAG5",11
"1618",0.9,"CCNA2",11
"4610",0.9,"HAPLN1",11
"2114",0.89,"CHMP4B",11
"4510",0.89,"H1-2",11
"898",0.89,"SLC1A3",11
"9112",0.89,"SOSTDC1",11
"977",0.89,"THBS2",11
"10112",0.89,"TRAT1",11
"1037",0.88,"UBE2C",11
"1096",0.88,"ZNF808",11
"2810",0.87,"DHRS9",11
"4810",0.86,"HMGA2",11
"3810",0.85,"ESR1",11
"7211",0.85,"PIMREG",11
"740",0.84,"ANGPTL4",11
"6710",0.84,"PANTR1",11
"250",0.83,"ABHD17C",11
"3211",0.83,"DLX6",11
"1076",0.83,"WARS1",11
"4010",0.82,"FCGBP",11
"4211",0.82,"FPR3",11
"6410",0.82,"NRTN",11
"1057",0.82,"VCAM1",11
"4114",0.81,"FCGR1CP",11
"987",0.81,"TM4SF1",11
"1418",0.8,"BCAN",11
"830",0.79,"ANKRD50",11
"3610",0.79,"EPB41",11
"4710",0.79,"HAVCR2",11
"1030",0.76,"APOLD1",11
"3510",0.76,"ENTPD1-AS1",11
"5310",0.76,"LIN28B",11
"799",0.76,"PPP1R1A",11
"888",0.76,"SIAH3",11
"6114",0.75,"MYBPHL",11
"3311",0.73,"DPH3P1",11
"5114",0.73,"LAIR2",11
"848",0.73,"RCAN1",11
"878",0.73,"SH2D1A",11
"3410",0.72,"ECSCR",11
"5510",0.72,"LINC00643",11
"1047",0.72,"UPK3A",11
"1219",0.71,"AURKB",11
"2410",0.71,"COL15A1",11
"4311",0.71,"GAS2L3",11
"838",0.71,"RBM38",11
"5810",0.7,"MGST1",11
"997",0.7,"TMEM86B",11
"1318",0.69,"BACE2",11
"6211",0.69,"NEK2",11
"1007",0.69,"TOP2A",11
"6910",0.68,"PARVG",11
"2610",0.67,"CRABP1",11
"858",0.67,"RPL13P5",11
"868",0.67,"SFRP1",11
"1518",0.66,"CARNMT1",11
"6510",0.66,"NTRK2",11
"1911",0.65,"CH25H",11
"7010",0.64,"PCLAF",11
"789",0.64,"PPP1R16B",11
"8113",0.64,"RAD51AP1",11
"3710",0.63,"EPHA5",11
"7114",0.62,"PDZRN4",11
"809",0.61,"PUS1",11
"7410",0.6,"POU2F2",11
"947",0.59,"STAM-AS1",11
"640",0.58,"ALDH1A2",11
"1717",0.58,"CD93",11
"5610",0.58,"LINC01224",11
"957",0.58,"SYNGR1",11
"3910",0.56,"FAM111B",11
"1108",0.56,"ZWINT",11
"5710",0.55,"MCAM",11
"8210",0.55,"RAPGEF5",11
"6010",0.54,"MNDA",11
"6311",0.52,"NID2",11
"7311",0.52,"PKIB",11
"779",0.52,"PPP1R14C",11
"2910",0.5,"DLGAP5",11
"350",0.99,"ADAMTSL3",12
"650",0.99,"ARHGEF15",12
"839",0.99,"ASGR2",12
"1038",0.99,"BNIP5",12
"1319",0.99,"CALCA",12
"1718",0.99,"CD244",12
"1815",0.99,"CD5L",12
"2115",0.99,"CDX1",12
"2212",0.99,"CEACAM4",12
"2611",0.99,"CTSE",12
"2911",0.99,"DLGAP4-AS1",12
"3212",0.99,"DNASE2B",12
"3711",0.99,"FAM3D",12
"3811",0.99,"FRMD1",12
"3911",0.99,"FST",12
"4115",0.99,"GAGE10",12
"4312",0.99,"GPIHBP1",12
"4411",0.99,"GRIK1-AS1",12
"4511",0.99,"H2BC13",12
"5711",0.99,"JCHAIN",12
"5811",0.99,"KCNJ15",12
"6115",0.99,"LINC00222",12
"6212",0.99,"LINC00399",12
"6411",0.99,"LINC00607",12
"6511",0.99,"LINC00637",12
"6711",0.99,"MST1R",12
"6811",0.99,"MZB1",12
"7115",0.99,"OTOA",12
"7411",0.99,"PAPOLB",12
"7611",0.99,"PDCD1LG2",12
"8010",0.99,"PLEK2",12
"8310",0.99,"RPA4",12
"899",0.99,"SERPIND1",12
"9113",0.99,"SERPINF2",12
"938",0.99,"SLC5A9",12
"948",0.99,"SLC7A11",12
"968",0.99,"SSUH2",12
"1008",0.99,"TG",12
"10210",0.99,"TXNDC2",12
"5611",0.98,"IL2RA",12
"958",0.98,"SOX18",12
"1039",0.98,"VNN1",12
"4011",0.97,"GABRB2",12
"879",0.97,"SCNN1B",12
"849",0.96,"S100A12",12
"859",0.96,"S100P",12
"889",0.95,"SCRG1",12
"1912",0.93,"CDC42EP2",12
"2511",0.93,"COL19A1",12
"1419",0.92,"CATSPER3",12
"3312",0.92,"DOCK9-DT",12
"260",0.91,"ACTA1",12
"930",0.91,"BCL2A1",12
"5311",0.91,"ICAM4",12
"7810",0.91,"PLA2G7",12
"5911",0.9,"KLF4",12
"2011",0.89,"CDCA2",12
"4911",0.89,"HLA-G",12
"3511",0.88,"ESPL1",12
"4811",0.88,"HHIP",12
"550",0.87,"ALPK1",12
"6011",0.87,"LILRA2",12
"1619",0.85,"CCK",12
"9211",0.84,"SLC14A1",12
"7011",0.83,"NUPR1",12
"2711",0.82,"CXCL13",12
"4212",0.82,"GBP1",12
"909",0.82,"SERPINE1",12
"1109",0.81,"ABCC12",12
"2411",0.81,"CKAP2L",12
"3411",0.81,"EGR2",12
"869",0.81,"SCIN",12
"10113",0.81,"TNFAIP2",12
"450",0.8,"AGR3",12
"1128",0.8,"BRCA2",12
"5411",0.8,"IGFBP6",12
"6911",0.8,"NDC80",12
"7710",0.79,"PELATON",12
"7511",0.77,"PCDH19",12
"6312",0.76,"LINC00473",12
"4611",0.75,"HCAR2",12
"5213",0.75,"HSPH1",12
"5511",0.75,"IKZF1",12
"998",0.75,"TESMIN",12
"4711",0.74,"HEMGN",12
"7312",0.73,"P2RX1",12
"978",0.73,"SULF1",12
"1519",0.72,"CAVIN3",12
"5115",0.71,"HSPB1",12
"7910",0.71,"PLCB2",12
"8211",0.71,"RHBDF2",12
"3611",0.7,"FAM181B",12
"8114",0.7,"PRR11",12
"750",0.67,"ASB4",12
"6611",0.67,"LYL1",12
"988",0.67,"TAC1",12
"1220",0.63,"C5AR1",12
"2311",0.62,"CENPE",12
"3011",0.61,"DNAJA4",12
"2811",0.58,"CXCL3",12
"3115",0.58,"DNAJB1",12
"7212",0.54,"OTUD3",12
"5011",0.45,"HSPA1A",12
"1129",0.99,"ABCB1",13
"939",0.99,"AMPD1",13
"1040",0.99,"ANKRD34C",13
"1719",0.99,"C9orf47",13
"1913",0.99,"CCDC141",13
"2812",0.99,"CLEC4E",13
"3012",0.99,"CP",13
"3116",0.99,"CRISP3",13
"3412",0.99,"DHRS7C",13
"3612",0.99,"EOMES",13
"4412",0.99,"GNLY",13
"6213",0.99,"JAKMIP2-AS1",13
"6512",0.99,"KIR2DL4",13
"7116",0.99,"LINC00184",13
"7213",0.99,"LINC02587",13
"7612",0.99,"MUC5B",13
"7811",0.99,"NCR3",13
"8510",0.99,"OLIG2",13
"999",0.99,"SH2D1B",13
"1058",0.99,"SMR3B",13
"1068",0.99,"SOX1",13
"1136",0.99,"TNFSF14",13
"1155",0.99,"USP2-AS1",13
"1175",0.99,"ZNF833P",13
"2116",0.98,"CCR7",13
"5116",0.98,"GZMK",13
"5812",0.98,"IFNG",13
"1087",0.98,"SSTR5-AS1",13
"660",0.97,"AGRP",13
"4512",0.97,"GPR65",13
"6116",0.97,"ISM2",13
"7012",0.97,"KLRF1",13
"1009",0.97,"SLA2",13
"1620",0.96,"C5orf66-AS2",13
"6812",0.96,"KLRB1",13
"8212",0.95,"NKPD1",13
"560",0.94,"AGAP1-IT1",13
"7911",0.94,"NDUFA4L2",13
"1145",0.94,"TSPEAR-AS2",13
"1165",0.94,"XCL1",13
"8810",0.93,"PNOC",13
"11210",0.93,"THEMIS2",13
"3512",0.92,"EDN3",13
"2712",0.91,"CEP55",13
"6313",0.9,"KEL",13
"11010",0.9,"TEX15",13
"4313",0.89,"GMFG",13
"6612",0.89,"KLF1",13
"6912",0.89,"KLRC1",13
"8410",0.89,"ODF3B",13
"10114",0.89,"SLC25A53",13
"460",0.87,"ADH1A",13
"1130",0.86,"ANXA2R",13
"2312",0.85,"CD69",13
"4116",0.85,"GALC",13
"5912",0.85,"IL23A",13
"969",0.85,"S1PR4",13
"840",0.84,"ALAS2",13
"1520",0.84,"BMP3",13
"3313",0.84,"CXCR2P1",13
"8115",0.84,"NKG7",13
"9212",0.84,"RBP7",13
"360",0.83,"ADGRF3",13
"5712",0.81,"IFIT3",13
"4812",0.8,"GYPE",13
"6412",0.8,"KIF14",13
"8710",0.8,"PCOLCE2",13
"1816",0.79,"CAVIN2",13
"8011",0.79,"NFIB",13
"9010",0.79,"QPCT",13
"989",0.79,"SERPINI1",13
"3712",0.78,"EPB42",13
"4912",0.78,"GZMA",13
"5412",0.78,"HBB",13
"7412",0.78,"LRP5",13
"7711",0.78,"MYH15",13
"959",0.78,"S1PR1",13
"10310",0.78,"SLC4A1",13
"2512",0.77,"CDCA8",13
"1048",0.77,"SMCR5",13
"270",0.76,"ABCC13",13
"4012",0.76,"FGR",13
"2612",0.75,"CEACAM8",13
"5612",0.75,"HOPX",13
"10211",0.75,"SLC47A1",13
"7512",0.74,"LYN",13
"1224",0.73,"ARHGAP11A",13
"1077",0.73,"SOX2",13
"9114",0.72,"RASD1",13
"4213",0.71,"GJA1",13
"7313",0.71,"LIX1",13
"979",0.7,"SELENBP1",13
"8610",0.69,"P2RY12",13
"1320",0.68,"ATOH7",13
"2213",0.67,"CD52",13
"2912",0.67,"CORO2A",13
"4612",0.67,"GYPA",13
"5214",0.67,"HBA1",13
"5312",0.66,"HBA2",13
"760",0.65,"AHSP",13
"3912",0.65,"FAM122B",13
"4712",0.64,"GYPC",13
"5012",0.64,"GZMH",13
"2412",0.61,"CD82",13
"6012",0.61,"ISG20",13
"8311",0.61,"NSG2",13
"8910",0.61,"PSMB9",13
"1420",0.6,"BBOX1",13
"2012",0.6,"CCDC34",13
"3213",0.6,"CST7",13
"3812",0.59,"FAIM2",13
"5512",0.58,"HBG2",13
"9310",0.58,"RHAG",13
"11111",0.55,"TFRC",13
"1097",0.54,"TAC4",13
"949",0.5,"RNF149",13
"6712",0.43,"KLF6",13
"6613",0.94,"RASGRF1",14
"1523",0.92,"CA12",14
"3214",0.92,"GADD45B",14
"940",0.91,"BAG3",14
"1225",0.9,"BSN-DT",14
"7712",0.88,"ZNF331",14
"6713",0.87,"RGS4",14
"2913",0.86,"EZR",14
"3013",0.86,"FOLR1",14
"5117",0.86,"NAMPT",14
"1323",0.85,"C17orf99",14
"1423",0.85,"C2CD4A",14
"1914",0.85,"CD1C",14
"1049",0.84,"BIRC3",14
"5513",0.84,"NPNT",14
"470",0.83,"ARL4C",14
"4013",0.83,"IRF1",14
"5813",0.83,"NUDT4",14
"1720",0.82,"CALY",14
"1817",0.82,"CCL20",14
"2813",0.81,"DUSP2",14
"4314",0.81,"LCN2",14
"5613",0.81,"NR4A2",14
"7613",0.8,"ZFP36",14
"670",0.79,"ATF3",14
"4413",0.79,"LRG1",14
"5913",0.79,"PCSK1",14
"4813",0.78,"METRNL",14
"2013",0.77,"CD55",14
"3813",0.76,"IGFBP7",14
"4713",0.76,"MESP1",14
"770",0.75,"AURKA",14
"5215",0.75,"NFKBIA",14
"1137",0.74,"BLVRB",14
"1623",0.74,"CACNA2D3",14
"3613",0.74,"HBEGF",14
"7413",0.74,"TUBA1C",14
"280",0.73,"ARG2",14
"7117",0.73,"SH3BP5",14
"3314",0.72,"GADD45G",14
"6513",0.72,"RARRES1",14
"370",0.7,"ARHGAP36",14
"2214",0.7,"CERNA1",14
"2613",0.7,"COX7A1",14
"3117",0.7,"FOSB",14
"3513",0.7,"GNAS",14
"4214",0.7,"KIAA1107",14
"5713",0.7,"NR4A3",14
"2117",0.69,"CD83",14
"6117",0.69,"PDLIM3",14
"1138",0.68,"ANXA2",14
"6214",0.68,"PLCE1",14
"850",0.67,"BABAM2-AS1",14
"5313",0.67,"NFKBIZ",14
"7513",0.66,"VMO1",14
"3413",0.65,"GH2",14
"3913",0.65,"IL1RN",14
"4613",0.65,"MAFF",14
"5413",0.64,"NPAS4",14
"6314",0.63,"PPP1R15A",14
"2413",0.62,"CKS2",14
"6813",0.62,"RNASET2",14
"570",0.6,"ARPC1B",14
"7314",0.59,"TPPP3",14
"2713",0.58,"CXCL8",14
"4913",0.58,"MFGE8",14
"7013",0.58,"SCG5",14
"2513",0.57,"CLU",14
"5013",0.57,"MIS18BP1",14
"6413",0.55,"PRAP1",14
"4513",0.48,"LY6E",14
"7214",0.48,"SPACA6",14
"2313",0.44,"CGA",14
"3713",0.41,"ICAM1",14
"6913",0.4,"S100A11",14
"4117",0.34,"ITGB3BP",14
"6013",0.3,"PCSK1N",14
"380",0.99,"ATXN8OS",15
"1424",0.99,"CCL8",15
"2814",0.99,"CRISP2",15
"3914",0.99,"ESCO2",15
"4014",0.99,"F3",15
"4315",0.99,"FCER1A",15
"5014",0.99,"FOXP1-AS1",15
"5714",0.99,"GNGT1",15
"8012",0.99,"MEI4",15
"8116",0.99,"MFAP5",15
"9510",0.99,"OR10G3",15
"10115",0.99,"PDYN",15
"11112",0.99,"RGPD2",15
"1166",0.99,"RTP4",15
"1362",0.99,"TMEM273",15
"1382",0.99,"TNIP3",15
"1462",0.99,"UNC5CL",15
"1502",0.99,"VXN",15
"1818",0.98,"CD70",15
"5514",0.97,"GJA4",15
"1176",0.97,"SCARNA21",15
"1185",0.97,"SERPINB2",15
"1492",0.97,"VSTM1",15
"2414",0.96,"CLDN4",15
"3414",0.96,"DKK1",15
"9910",0.96,"PCSK9",15
"1226",0.96,"SGO2",15
"1333",0.96,"SV2C",15
"2714",0.95,"CRH",15
"1098",0.95,"PTHLH",15
"780",0.94,"BUB1",15
"7414",0.94,"KCNMB2-AS1",15
"7713",0.94,"LINC00269",15
"9810",0.94,"PCSK2",15
"2514",0.93,"CLIC4",15
"3614",0.93,"EGFL6",15
"5414",0.93,"GASK1A",15
"7514",0.93,"KIF23",15
"1139",0.93,"ROBO4",15
"8811",0.92,"NANOS2",15
"8611",0.91,"MYF6",15
"1146",0.91,"RPSAP52",15
"1442",0.91,"UBOX5-AS1",15
"2014",0.9,"CDCA5",15
"6414",0.9,"H2BC9",15
"1402",0.9,"TNNT2",15
"1482",0.89,"VASH2",15
"6514",0.88,"HAMP",15
"8411",0.88,"MT1G",15
"2914",0.87,"CRYGC",15
"10410",0.87,"PIP5K1B",15
"860",0.86,"CA4",15
"3514",0.84,"EFNA1",15
"8511",0.84,"MXD3",15
"8711",0.84,"NAMA",15
"480",0.83,"AZU1",15
"950",0.82,"CACNA1C-AS4",15
"4414",0.82,"FCN2",15
"1372",0.82,"TMSB15A",15
"3118",0.81,"CYP1B1",15
"6614",0.81,"HBE1",15
"7812",0.8,"MAD2L1",15
"680",0.79,"BST1",15
"1915",0.79,"CDC25C",15
"6914",0.79,"HSPB9",15
"8213",0.79,"MLLT11",15
"1392",0.79,"TNKS2-AS1",15
"1140",0.78,"ASF1B",15
"6714",0.78,"HBQ1",15
"1234",0.78,"SLAMF9",15
"2118",0.77,"CENPM",15
"7912",0.77,"MEF2C",15
"9011",0.77,"NES",15
"9610",0.77,"PALMD",15
"1194",0.77,"SERPINE2",15
"4814",0.76,"FMN1",15
"1156",0.76,"RRM2",15
"13110",0.76,"STMND1",15
"1352",0.76,"TK1",15
"1078",0.75,"PPP1R27",15
"1227",0.74,"CCDC69",15
"1069",0.74,"PPP1R1C",15
"290",0.73,"ASPN",15
"5118",0.73,"FREM2",15
"6118",0.73,"GTSE1",15
"6814",0.73,"HSD17B2",15
"9710",0.73,"PCDH9",15
"4118",0.72,"FABP6",15
"1324",0.72,"STRC",15
"9115",0.71,"NNAT",15
"1050",0.7,"CALHM6",15
"3315",0.7,"DEFA6",15
"3714",0.7,"EMC3-AS1",15
"5314",0.7,"FSD1L",15
"7215",0.7,"JAML",15
"9311",0.7,"NUSAP1",15
"10311",0.7,"PHOSPHO1",15
"1342",0.7,"TAGLN3",15
"580",0.69,"BRCA1",15
"1325",0.69,"CCL2",15
"2215",0.69,"CENPW",15
"1088",0.69,"PPP2R2B",15
"4514",0.68,"FECH",15
"4614",0.68,"FILIP1L",15
"7014",0.68,"ISL1",15
"10010",0.68,"PDLIM1",15
"1244",0.68,"SLC25A39",15
"1722",0.67,"CD68",15
"1263",0.67,"SNCA",15
"4914",0.66,"FMO1",15
"1425",0.66,"TUBA1B",15
"6014",0.65,"GPR6",15
"11211",0.65,"RGS5",15
"1204",0.65,"SERPINF1",15
"5814",0.64,"GPC3",15
"6215",0.64,"GUCY1A1",15
"6315",0.64,"H2AZ1",15
"11011",0.64,"RAB3B",15
"12110",0.64,"SERPING1",15
"15110",0.63,"WFDC21P",15
"4714",0.61,"FLT1",15
"10212",0.6,"PGAM2",15
"5614",0.59,"GLRX",15
"1059",0.58,"POMC",15
"1452",0.58,"UCHL1",15
"5914",0.57,"GPR135",15
"9410",0.57,"OGN",15
"1273",0.57,"SPDL1",15
"1524",0.56,"CCN1",15
"1472",0.56,"VAMP5",15
"3814",0.55,"ENOX2",15
"1293",0.55,"STMN2",15
"8312",0.54,"MT1F",15
"14110",0.54,"TSHB",15
"5216",0.53,"FRZB",15
"7118",0.53,"ITM2A",15
"8911",0.53,"NELL1",15
"1433",0.53,"TUBB2B",15
"3215",0.51,"DBF4",15
"1302",0.51,"STMN4",15
"1624",0.5,"CD40",15
"9213",0.49,"NUPR2",15
"3014",0.48,"CRYGD",15
"4215",0.48,"FAM155A",15
"1253",0.48,"SMIM1",15
"2314",0.47,"CKB",15
"7315",0.47,"JPT1",15
"7614",0.47,"KPNA2",15
"2614",0.43,"COL1A2",15
"1147",0.4,"CAPG",15
"1283",0.38,"SRSF8",15
"1916",0.97,"CSF3R",16
"2815",0.95,"E2F3",16
"4615",0.94,"LGALS9",16
"5715",0.93,"PDGFB",16
"7515",0.92,"XPO7",16
"4815",0.91,"LINC00996",16
"1228",0.89,"CD28",16
"2100",0.88,"AKAP12",16
"960",0.87,"C3AR1",16
"4216",0.87,"ITGAL",16
"4415",0.87,"LAIR1",16
"1723",0.86,"COL6A3",16
"1819",0.85,"CPVL",16
"4119",0.85,"IQGAP2",16
"2119",0.84,"CTSC",16
"1148",0.83,"ADAP2",16
"870",0.83,"BSN",16
"6515",0.83,"RFC3",16
"7119",0.83,"TIMP3",16
"5515",0.82,"ONECUT2",16
"7615",0.82,"ZEB2",16
"2515",0.81,"DTX1",16
"4316",0.81,"ITGB8",16
"5815",0.81,"PEX5",16
"5119",0.79,"MIAT",16
"2415",0.78,"DPYSL3",16
"690",0.77,"BCL6",16
"3415",0.77,"GNRHR",16
"3615",0.77,"HLA-DMB",16
"4015",0.77,"IGFBP3",16
"7216",0.77,"TMIGD3",16
"6119",0.76,"PRR15L",16
"3015",0.75,"FAM20C",16
"5615",0.75,"PARP14",16
"1625",0.74,"CLDN7",16
"6415",0.71,"PTPRN",16
"6615",0.71,"SERPINB1",16
"3715",0.7,"HLA-DQB1",16
"390",0.69,"APBB2",16
"5915",0.69,"PON3",16
"2615",0.68,"DTYMK",16
"6316",0.68,"PTPRC",16
"5415",0.67,"NUMBL",16
"7015",0.66,"TAGLN2",16
"3515",0.65,"HLA-DMA",16
"7316",0.65,"TREM2",16
"2015",0.64,"CTSB",16
"490",0.62,"AQP1",16
"2915",0.61,"EPSTI1",16
"6216",0.61,"PTPN6",16
"590",0.6,"ATAD5",16
"1060",0.6,"C9orf135",16
"3119",0.6,"FOXK1",16
"7415",0.6,"VGF",16
"1149",0.59,"CD14",16
"3216",0.59,"GNAI2",16
"5315",0.59,"NEFL",16
"3915",0.57,"IFITM2",16
"2216",0.56,"CTXN2",16
"4915",0.56,"LRRC58",16
"790",0.55,"BGN",16
"1426",0.55,"CHGA",16
"5217",0.55,"NEAT1",16
"3316",0.53,"GNG8",16
"1326",0.52,"CDR1",16
"2715",0.52,"DZANK1",16
"1525",0.5,"CITED1",16
"3815",0.49,"IER5",16
"4715",0.49,"LHX3",16
"2315",0.48,"DNER",16
"6915",0.48,"SSH1",16
"4515",0.45,"LAP3",16
"6715",0.44,"SLC25A45",16
"6815",0.41,"SLC26A2",16
"6015",0.38,"PPFIA2",16
"5015",0.3,"MBNL3",16
